{
  "__type__": "cc.SpriteFrame",
  "content": {
    "name": "4_0",
    "atlas": "",
    "rect": {
      "x": 0,
      "y": 8,
      "width": 16,
      "height": 23
    },
    "offset": {
      "x": 0,
      "y": -2
    },
    "originalSize": {
      "width": 16,
      "height": 35
    },
    "rotated": false,
    "capInsets": [
      0,
      0,
      0,
      0
    ],
    "vertices": {
      "rawPosition": [
        -8,
        -11.5,
        0,
        8,
        -11.5,
        0,
        -8,
        11.5,
        0,
        8,
        11.5,
        0
      ],
      "indexes": [
        0,
        1,
        2,
        2,
        1,
        3
      ],
      "uv": [
        0,
        27,
        16,
        27,
        0,
        4,
        16,
        4
      ],
      "nuv": [
        0,
        0.11428571428571428,
        1,
        0.11428571428571428,
        0,
        0.7714285714285715,
        1,
        0.7714285714285715
      ],
      "minPos": {
        "x": -8,
        "y": -11.5,
        "z": 0
      },
      "maxPos": {
        "x": 8,
        "y": 11.5,
        "z": 0
      }
    },
    "texture": "77a4560c-f45c-4a8c-9231-a5620f57b96c@6c48a",
    "packable": true,
    "pixelsToUnit": 100,
    "pivot": {
      "x": 0.5,
      "y": 0.5
    },
    "meshType": 0
  }
}