{
  "__type__": "cc.SpriteFrame",
  "content": {
    "name": "big1_19",
    "atlas": "",
    "rect": {
      "x": 0,
      "y": 2,
      "width": 16,
      "height": 31
    },
    "offset": {
      "x": -0.5,
      "y": -1
    },
    "originalSize": {
      "width": 17,
      "height": 33
    },
    "rotated": false,
    "capInsets": [
      0,
      0,
      0,
      0
    ],
    "vertices": {
      "rawPosition": [
        -8,
        -15.5,
        0,
        8,
        -15.5,
        0,
        -8,
        15.5,
        0,
        8,
        15.5,
        0
      ],
      "indexes": [
        0,
        1,
        2,
        2,
        1,
        3
      ],
      "uv": [
        0,
        31,
        16,
        31,
        0,
        0,
        16,
        0
      ],
      "nuv": [
        0,
        0,
        0.9411764705882353,
        0,
        0,
        0.9393939393939394,
        0.9411764705882353,
        0.9393939393939394
      ],
      "minPos": {
        "x": -8,
        "y": -15.5,
        "z": 0
      },
      "maxPos": {
        "x": 8,
        "y": 15.5,
        "z": 0
      }
    },
    "texture": "71e459a1-15b6-4177-8a47-266bb01944da@6c48a",
    "packable": true,
    "pixelsToUnit": 100,
    "pivot": {
      "x": 0.5,
      "y": 0.5
    },
    "meshType": 0
  }
}