{
  "__type__": "cc.SpriteFrame",
  "content": {
    "name": "0_1",
    "atlas": "",
    "rect": {
      "x": 0,
      "y": 6,
      "width": 16,
      "height": 23
    },
    "offset": {
      "x": 0,
      "y": 0
    },
    "originalSize": {
      "width": 16,
      "height": 35
    },
    "rotated": false,
    "capInsets": [
      0,
      0,
      0,
      0
    ],
    "vertices": {
      "rawPosition": [
        -8,
        -11.5,
        0,
        8,
        -11.5,
        0,
        -8,
        11.5,
        0,
        8,
        11.5,
        0
      ],
      "indexes": [
        0,
        1,
        2,
        2,
        1,
        3
      ],
      "uv": [
        0,
        29,
        16,
        29,
        0,
        6,
        16,
        6
      ],
      "nuv": [
        0,
        0.17142857142857143,
        1,
        0.17142857142857143,
        0,
        0.8285714285714286,
        1,
        0.8285714285714286
      ],
      "minPos": {
        "x": -8,
        "y": -11.5,
        "z": 0
      },
      "maxPos": {
        "x": 8,
        "y": 11.5,
        "z": 0
      }
    },
    "texture": "1fae2743-677e-4ea4-a1a6-3cc8c86aa5ac@6c48a",
    "packable": true,
    "pixelsToUnit": 100,
    "pivot": {
      "x": 0.5,
      "y": 0.5
    },
    "meshType": 0
  }
}