{
  "__type__": "cc.SpriteFrame",
  "content": {
    "name": "big1_10",
    "atlas": "",
    "rect": {
      "x": 1,
      "y": 3,
      "width": 14,
      "height": 30
    },
    "offset": {
      "x": 0.5,
      "y": -1.5
    },
    "originalSize": {
      "width": 15,
      "height": 33
    },
    "rotated": false,
    "capInsets": [
      0,
      0,
      0,
      0
    ],
    "vertices": {
      "rawPosition": [
        -7,
        -15,
        0,
        7,
        -15,
        0,
        -7,
        15,
        0,
        7,
        15,
        0
      ],
      "indexes": [
        0,
        1,
        2,
        2,
        1,
        3
      ],
      "uv": [
        1,
        30,
        15,
        30,
        1,
        0,
        15,
        0
      ],
      "nuv": [
        0.06666666666666667,
        0,
        1,
        0,
        0.06666666666666667,
        0.9090909090909091,
        1,
        0.9090909090909091
      ],
      "minPos": {
        "x": -7,
        "y": -15,
        "z": 0
      },
      "maxPos": {
        "x": 7,
        "y": 15,
        "z": 0
      }
    },
    "texture": "05d788c5-618e-40f3-80f5-aec6ee8edb45@6c48a",
    "packable": true,
    "pixelsToUnit": 100,
    "pivot": {
      "x": 0.5,
      "y": 0.5
    },
    "meshType": 0
  }
}