{
  "__type__": "cc.SpriteFrame",
  "content": {
    "name": "2_2",
    "atlas": "",
    "rect": {
      "x": 0,
      "y": 3,
      "width": 16,
      "height": 23
    },
    "offset": {
      "x": 0,
      "y": 3
    },
    "originalSize": {
      "width": 16,
      "height": 35
    },
    "rotated": false,
    "capInsets": [
      0,
      0,
      0,
      0
    ],
    "vertices": {
      "rawPosition": [
        -8,
        -11.5,
        0,
        8,
        -11.5,
        0,
        -8,
        11.5,
        0,
        8,
        11.5,
        0
      ],
      "indexes": [
        0,
        1,
        2,
        2,
        1,
        3
      ],
      "uv": [
        0,
        32,
        16,
        32,
        0,
        9,
        16,
        9
      ],
      "nuv": [
        0,
        0.2571428571428571,
        1,
        0.2571428571428571,
        0,
        0.9142857142857143,
        1,
        0.9142857142857143
      ],
      "minPos": {
        "x": -8,
        "y": -11.5,
        "z": 0
      },
      "maxPos": {
        "x": 8,
        "y": 11.5,
        "z": 0
      }
    },
    "texture": "d6fedcdc-0717-4d3b-9243-281548190219@6c48a",
    "packable": true,
    "pixelsToUnit": 100,
    "pivot": {
      "x": 0.5,
      "y": 0.5
    },
    "meshType": 0
  }
}