{
  "__type__": "cc.SpriteFrame",
  "content": {
    "name": "fire1_10",
    "atlas": "",
    "rect": {
      "x": 2,
      "y": 3,
      "width": 14,
      "height": 30
    },
    "offset": {
      "x": 0.5,
      "y": -1.5
    },
    "originalSize": {
      "width": 17,
      "height": 33
    },
    "rotated": false,
    "capInsets": [
      0,
      0,
      0,
      0
    ],
    "vertices": {
      "rawPosition": [
        -7,
        -15,
        0,
        7,
        -15,
        0,
        -7,
        15,
        0,
        7,
        15,
        0
      ],
      "indexes": [
        0,
        1,
        2,
        2,
        1,
        3
      ],
      "uv": [
        2,
        30,
        16,
        30,
        2,
        0,
        16,
        0
      ],
      "nuv": [
        0.11764705882352941,
        0,
        0.9411764705882353,
        0,
        0.11764705882352941,
        0.9090909090909091,
        0.9411764705882353,
        0.9090909090909091
      ],
      "minPos": {
        "x": -7,
        "y": -15,
        "z": 0
      },
      "maxPos": {
        "x": 7,
        "y": 15,
        "z": 0
      }
    },
    "texture": "9f05e4c9-5bf5-4949-ba4f-809c9922d858@6c48a",
    "packable": true,
    "pixelsToUnit": 100,
    "pivot": {
      "x": 0.5,
      "y": 0.5
    },
    "meshType": 0
  }
}