{
  "__type__": "cc.SpriteFrame",
  "content": {
    "name": "big1_11",
    "atlas": "",
    "rect": {
      "x": 1,
      "y": 3,
      "width": 16,
      "height": 29
    },
    "offset": {
      "x": 0,
      "y": -1
    },
    "originalSize": {
      "width": 18,
      "height": 33
    },
    "rotated": false,
    "capInsets": [
      0,
      0,
      0,
      0
    ],
    "vertices": {
      "rawPosition": [
        -8,
        -14.5,
        0,
        8,
        -14.5,
        0,
        -8,
        14.5,
        0,
        8,
        14.5,
        0
      ],
      "indexes": [
        0,
        1,
        2,
        2,
        1,
        3
      ],
      "uv": [
        1,
        30,
        17,
        30,
        1,
        1,
        17,
        1
      ],
      "nuv": [
        0.05555555555555555,
        0.030303030303030304,
        0.9444444444444444,
        0.030303030303030304,
        0.05555555555555555,
        0.9090909090909091,
        0.9444444444444444,
        0.9090909090909091
      ],
      "minPos": {
        "x": -8,
        "y": -14.5,
        "z": 0
      },
      "maxPos": {
        "x": 8,
        "y": 14.5,
        "z": 0
      }
    },
    "texture": "98cf4101-c868-4eae-98e2-6e5c25cd8f58@6c48a",
    "packable": true,
    "pixelsToUnit": 100,
    "pivot": {
      "x": 0.5,
      "y": 0.5
    },
    "meshType": 0
  }
}