{
  "__type__": "cc.SpriteFrame",
  "content": {
    "name": "fire1_11",
    "atlas": "",
    "rect": {
      "x": 0,
      "y": 3,
      "width": 16,
      "height": 29
    },
    "offset": {
      "x": -0.5,
      "y": -1
    },
    "originalSize": {
      "width": 17,
      "height": 33
    },
    "rotated": false,
    "capInsets": [
      0,
      0,
      0,
      0
    ],
    "vertices": {
      "rawPosition": [
        -8,
        -14.5,
        0,
        8,
        -14.5,
        0,
        -8,
        14.5,
        0,
        8,
        14.5,
        0
      ],
      "indexes": [
        0,
        1,
        2,
        2,
        1,
        3
      ],
      "uv": [
        0,
        30,
        16,
        30,
        0,
        1,
        16,
        1
      ],
      "nuv": [
        0,
        0.030303030303030304,
        0.9411764705882353,
        0.030303030303030304,
        0,
        0.9090909090909091,
        0.9411764705882353,
        0.9090909090909091
      ],
      "minPos": {
        "x": -8,
        "y": -14.5,
        "z": 0
      },
      "maxPos": {
        "x": 8,
        "y": 14.5,
        "z": 0
      }
    },
    "texture": "9c384656-92ef-440e-9e8d-883a9cb537ee@6c48a",
    "packable": true,
    "pixelsToUnit": 100,
    "pivot": {
      "x": 0.5,
      "y": 0.5
    },
    "meshType": 0
  }
}