{
  "__type__": "cc.SpriteFrame",
  "content": {
    "name": "0_1",
    "atlas": "",
    "rect": {
      "x": 0,
      "y": 5,
      "width": 16,
      "height": 24
    },
    "offset": {
      "x": 0,
      "y": 0.5
    },
    "originalSize": {
      "width": 16,
      "height": 35
    },
    "rotated": false,
    "capInsets": [
      0,
      0,
      0,
      0
    ],
    "vertices": {
      "rawPosition": [
        -8,
        -12,
        0,
        8,
        -12,
        0,
        -8,
        12,
        0,
        8,
        12,
        0
      ],
      "indexes": [
        0,
        1,
        2,
        2,
        1,
        3
      ],
      "uv": [
        0,
        30,
        16,
        30,
        0,
        6,
        16,
        6
      ],
      "nuv": [
        0,
        0.17142857142857143,
        1,
        0.17142857142857143,
        0,
        0.8571428571428571,
        1,
        0.8571428571428571
      ],
      "minPos": {
        "x": -8,
        "y": -12,
        "z": 0
      },
      "maxPos": {
        "x": 8,
        "y": 12,
        "z": 0
      }
    },
    "texture": "7aa2bdf1-b691-4e28-b21b-973745033a5d@6c48a",
    "packable": true,
    "pixelsToUnit": 100,
    "pivot": {
      "x": 0.5,
      "y": 0.5
    },
    "meshType": 0
  }
}