{
  "__type__": "cc.SpriteFrame",
  "content": {
    "name": "3_0",
    "atlas": "",
    "rect": {
      "x": 0,
      "y": 9,
      "width": 16,
      "height": 23
    },
    "offset": {
      "x": 0,
      "y": -3
    },
    "originalSize": {
      "width": 16,
      "height": 35
    },
    "rotated": false,
    "capInsets": [
      0,
      0,
      0,
      0
    ],
    "vertices": {
      "rawPosition": [
        -8,
        -11.5,
        0,
        8,
        -11.5,
        0,
        -8,
        11.5,
        0,
        8,
        11.5,
        0
      ],
      "indexes": [
        0,
        1,
        2,
        2,
        1,
        3
      ],
      "uv": [
        0,
        26,
        16,
        26,
        0,
        3,
        16,
        3
      ],
      "nuv": [
        0,
        0.08571428571428572,
        1,
        0.08571428571428572,
        0,
        0.7428571428571429,
        1,
        0.7428571428571429
      ],
      "minPos": {
        "x": -8,
        "y": -11.5,
        "z": 0
      },
      "maxPos": {
        "x": 8,
        "y": 11.5,
        "z": 0
      }
    },
    "texture": "3be333c9-e632-4f63-bec7-98eacda34115@6c48a",
    "packable": true,
    "pixelsToUnit": 100,
    "pivot": {
      "x": 0.5,
      "y": 0.5
    },
    "meshType": 0
  }
}