{
  "__type__": "cc.SpriteFrame",
  "content": {
    "name": "big1_07",
    "atlas": "",
    "rect": {
      "x": 1,
      "y": 11,
      "width": 16,
      "height": 22
    },
    "offset": {
      "x": -0.5,
      "y": -5.5
    },
    "originalSize": {
      "width": 19,
      "height": 33
    },
    "rotated": false,
    "capInsets": [
      0,
      0,
      0,
      0
    ],
    "vertices": {
      "rawPosition": [
        -8,
        -11,
        0,
        8,
        -11,
        0,
        -8,
        11,
        0,
        8,
        11,
        0
      ],
      "indexes": [
        0,
        1,
        2,
        2,
        1,
        3
      ],
      "uv": [
        1,
        22,
        17,
        22,
        1,
        0,
        17,
        0
      ],
      "nuv": [
        0.05263157894736842,
        0,
        0.8947368421052632,
        0,
        0.05263157894736842,
        0.6666666666666666,
        0.8947368421052632,
        0.6666666666666666
      ],
      "minPos": {
        "x": -8,
        "y": -11,
        "z": 0
      },
      "maxPos": {
        "x": 8,
        "y": 11,
        "z": 0
      }
    },
    "texture": "3beff711-f1c7-4ea3-8c8e-65cbba7312f2@6c48a",
    "packable": true,
    "pixelsToUnit": 100,
    "pivot": {
      "x": 0.5,
      "y": 0.5
    },
    "meshType": 0
  }
}