{
  "__type__": "cc.SpriteFrame",
  "content": {
    "name": "4_0",
    "atlas": "",
    "rect": {
      "x": 0,
      "y": 17,
      "width": 16,
      "height": 14
    },
    "offset": {
      "x": 0,
      "y": -6.5
    },
    "originalSize": {
      "width": 16,
      "height": 35
    },
    "rotated": false,
    "capInsets": [
      0,
      0,
      0,
      0
    ],
    "vertices": {
      "rawPosition": [
        -8,
        -7,
        0,
        8,
        -7,
        0,
        -8,
        7,
        0,
        8,
        7,
        0
      ],
      "indexes": [
        0,
        1,
        2,
        2,
        1,
        3
      ],
      "uv": [
        0,
        18,
        16,
        18,
        0,
        4,
        16,
        4
      ],
      "nuv": [
        0,
        0.11428571428571428,
        1,
        0.11428571428571428,
        0,
        0.5142857142857142,
        1,
        0.5142857142857142
      ],
      "minPos": {
        "x": -8,
        "y": -7,
        "z": 0
      },
      "maxPos": {
        "x": 8,
        "y": 7,
        "z": 0
      }
    },
    "texture": "24de9222-0aba-41cf-8f96-0a3b37ec0e75@6c48a",
    "packable": true,
    "pixelsToUnit": 100,
    "pivot": {
      "x": 0.5,
      "y": 0.5
    },
    "meshType": 0
  }
}