{
  "__type__": "cc.SpriteFrame",
  "content": {
    "name": "fire1_14",
    "atlas": "",
    "rect": {
      "x": 1,
      "y": 3,
      "width": 16,
      "height": 30
    },
    "offset": {
      "x": 0.5,
      "y": -1.5
    },
    "originalSize": {
      "width": 17,
      "height": 33
    },
    "rotated": false,
    "capInsets": [
      0,
      0,
      0,
      0
    ],
    "vertices": {
      "rawPosition": [
        -8,
        -15,
        0,
        8,
        -15,
        0,
        -8,
        15,
        0,
        8,
        15,
        0
      ],
      "indexes": [
        0,
        1,
        2,
        2,
        1,
        3
      ],
      "uv": [
        1,
        30,
        17,
        30,
        1,
        0,
        17,
        0
      ],
      "nuv": [
        0.058823529411764705,
        0,
        1,
        0,
        0.058823529411764705,
        0.9090909090909091,
        1,
        0.9090909090909091
      ],
      "minPos": {
        "x": -8,
        "y": -15,
        "z": 0
      },
      "maxPos": {
        "x": 8,
        "y": 15,
        "z": 0
      }
    },
    "texture": "bc5a939a-6860-4332-a149-ca465d6b10bd@6c48a",
    "packable": true,
    "pixelsToUnit": 100,
    "pivot": {
      "x": 0.5,
      "y": 0.5
    },
    "meshType": 0
  }
}