{
  "__type__": "cc.SpriteFrame",
  "content": {
    "name": "5_0",
    "atlas": "",
    "rect": {
      "x": 0,
      "y": 17,
      "width": 16,
      "height": 15
    },
    "offset": {
      "x": 0,
      "y": -7
    },
    "originalSize": {
      "width": 16,
      "height": 35
    },
    "rotated": false,
    "capInsets": [
      0,
      0,
      0,
      0
    ],
    "vertices": {
      "rawPosition": [
        -8,
        -7.5,
        0,
        8,
        -7.5,
        0,
        -8,
        7.5,
        0,
        8,
        7.5,
        0
      ],
      "indexes": [
        0,
        1,
        2,
        2,
        1,
        3
      ],
      "uv": [
        0,
        18,
        16,
        18,
        0,
        3,
        16,
        3
      ],
      "nuv": [
        0,
        0.08571428571428572,
        1,
        0.08571428571428572,
        0,
        0.5142857142857142,
        1,
        0.5142857142857142
      ],
      "minPos": {
        "x": -8,
        "y": -7.5,
        "z": 0
      },
      "maxPos": {
        "x": 8,
        "y": 7.5,
        "z": 0
      }
    },
    "texture": "4b0a5abd-6002-4506-b6d0-9baee0cffc62@6c48a",
    "packable": true,
    "pixelsToUnit": 100,
    "pivot": {
      "x": 0.5,
      "y": 0.5
    },
    "meshType": 0
  }
}