{
  "__type__": "cc.SpriteFrame",
  "content": {
    "name": "big1_21",
    "atlas": "",
    "rect": {
      "x": 1,
      "y": 2,
      "width": 16,
      "height": 30
    },
    "offset": {
      "x": 0.5,
      "y": -0.5
    },
    "originalSize": {
      "width": 17,
      "height": 33
    },
    "rotated": false,
    "capInsets": [
      0,
      0,
      0,
      0
    ],
    "vertices": {
      "rawPosition": [
        -8,
        -15,
        0,
        8,
        -15,
        0,
        -8,
        15,
        0,
        8,
        15,
        0
      ],
      "indexes": [
        0,
        1,
        2,
        2,
        1,
        3
      ],
      "uv": [
        1,
        31,
        17,
        31,
        1,
        1,
        17,
        1
      ],
      "nuv": [
        0.058823529411764705,
        0.030303030303030304,
        1,
        0.030303030303030304,
        0.058823529411764705,
        0.9393939393939394,
        1,
        0.9393939393939394
      ],
      "minPos": {
        "x": -8,
        "y": -15,
        "z": 0
      },
      "maxPos": {
        "x": 8,
        "y": 15,
        "z": 0
      }
    },
    "texture": "bb0c8f21-f6b2-4e64-87ff-06a9346a4001@6c48a",
    "packable": true,
    "pixelsToUnit": 100,
    "pivot": {
      "x": 0.5,
      "y": 0.5
    },
    "meshType": 0
  }
}