{
  "__type__": "cc.SpriteFrame",
  "content": {
    "name": "big1_18",
    "atlas": "",
    "rect": {
      "x": 2,
      "y": 2,
      "width": 14,
      "height": 31
    },
    "offset": {
      "x": 0.5,
      "y": -1
    },
    "originalSize": {
      "width": 17,
      "height": 33
    },
    "rotated": false,
    "capInsets": [
      0,
      0,
      0,
      0
    ],
    "vertices": {
      "rawPosition": [
        -7,
        -15.5,
        0,
        7,
        -15.5,
        0,
        -7,
        15.5,
        0,
        7,
        15.5,
        0
      ],
      "indexes": [
        0,
        1,
        2,
        2,
        1,
        3
      ],
      "uv": [
        2,
        31,
        16,
        31,
        2,
        0,
        16,
        0
      ],
      "nuv": [
        0.11764705882352941,
        0,
        0.9411764705882353,
        0,
        0.11764705882352941,
        0.9393939393939394,
        0.9411764705882353,
        0.9393939393939394
      ],
      "minPos": {
        "x": -7,
        "y": -15.5,
        "z": 0
      },
      "maxPos": {
        "x": 7,
        "y": 15.5,
        "z": 0
      }
    },
    "texture": "a57a6fcd-cae5-4d22-a780-0596630a7b18@6c48a",
    "packable": true,
    "pixelsToUnit": 100,
    "pivot": {
      "x": 0.5,
      "y": 0.5
    },
    "meshType": 0
  }
}