{
  "__type__": "cc.SpriteFrame",
  "content": {
    "name": "fire1_07",
    "atlas": "",
    "rect": {
      "x": 1,
      "y": 11,
      "width": 16,
      "height": 22
    },
    "offset": {
      "x": 0,
      "y": -5.5
    },
    "originalSize": {
      "width": 18,
      "height": 33
    },
    "rotated": false,
    "capInsets": [
      0,
      0,
      0,
      0
    ],
    "vertices": {
      "rawPosition": [
        -8,
        -11,
        0,
        8,
        -11,
        0,
        -8,
        11,
        0,
        8,
        11,
        0
      ],
      "indexes": [
        0,
        1,
        2,
        2,
        1,
        3
      ],
      "uv": [
        1,
        22,
        17,
        22,
        1,
        0,
        17,
        0
      ],
      "nuv": [
        0.05555555555555555,
        0,
        0.9444444444444444,
        0,
        0.05555555555555555,
        0.6666666666666666,
        0.9444444444444444,
        0.6666666666666666
      ],
      "minPos": {
        "x": -8,
        "y": -11,
        "z": 0
      },
      "maxPos": {
        "x": 8,
        "y": 11,
        "z": 0
      }
    },
    "texture": "a5ea0d31-28b5-4ccd-8dc4-c92de9d6ed2a@6c48a",
    "packable": true,
    "pixelsToUnit": 100,
    "pivot": {
      "x": 0.5,
      "y": 0.5
    },
    "meshType": 0
  }
}