{
  "__type__": "cc.SpriteFrame",
  "content": {
    "name": "4_2",
    "atlas": "",
    "rect": {
      "x": 0,
      "y": 11,
      "width": 16,
      "height": 14
    },
    "offset": {
      "x": 0,
      "y": -0.5
    },
    "originalSize": {
      "width": 16,
      "height": 35
    },
    "rotated": false,
    "capInsets": [
      0,
      0,
      0,
      0
    ],
    "vertices": {
      "rawPosition": [
        -8,
        -7,
        0,
        8,
        -7,
        0,
        -8,
        7,
        0,
        8,
        7,
        0
      ],
      "indexes": [
        0,
        1,
        2,
        2,
        1,
        3
      ],
      "uv": [
        0,
        24,
        16,
        24,
        0,
        10,
        16,
        10
      ],
      "nuv": [
        0,
        0.2857142857142857,
        1,
        0.2857142857142857,
        0,
        0.6857142857142857,
        1,
        0.6857142857142857
      ],
      "minPos": {
        "x": -8,
        "y": -7,
        "z": 0
      },
      "maxPos": {
        "x": 8,
        "y": 7,
        "z": 0
      }
    },
    "texture": "28248067-41f4-487a-8937-ab369ce02f55@6c48a",
    "packable": true,
    "pixelsToUnit": 100,
    "pivot": {
      "x": 0.5,
      "y": 0.5
    },
    "meshType": 0
  }
}