{
  "__type__": "cc.SpriteFrame",
  "content": {
    "name": "cloud1",
    "atlas": "",
    "rect": {
      "x": 2,
      "y": 1,
      "width": 32,
      "height": 24
    },
    "offset": {
      "x": -0.5,
      "y": 0
    },
    "originalSize": {
      "width": 37,
      "height": 26
    },
    "rotated": false,
    "capInsets": [
      0,
      0,
      0,
      0
    ],
    "vertices": {
      "rawPosition": [
        -16,
        -12,
        0,
        16,
        -12,
        0,
        -16,
        12,
        0,
        16,
        12,
        0
      ],
      "indexes": [
        0,
        1,
        2,
        2,
        1,
        3
      ],
      "uv": [
        2,
        25,
        34,
        25,
        2,
        1,
        34,
        1
      ],
      "nuv": [
        0.05405405405405406,
        0.038461538461538464,
        0.918918918918919,
        0.038461538461538464,
        0.05405405405405406,
        0.9615384615384616,
        0.918918918918919,
        0.9615384615384616
      ],
      "minPos": {
        "x": -16,
        "y": -12,
        "z": 0
      },
      "maxPos": {
        "x": 16,
        "y": 12,
        "z": 0
      }
    },
    "texture": "7f25a074-a819-45c5-bbf2-c4fc66d279f2@6c48a",
    "packable": true,
    "pixelsToUnit": 100,
    "pivot": {
      "x": 0.5,
      "y": 0.5
    },
    "meshType": 0
  }
}