{
  "__type__": "cc.SpriteFrame",
  "content": {
    "name": "0_0",
    "atlas": "",
    "rect": {
      "x": 0,
      "y": 8,
      "width": 16,
      "height": 24
    },
    "offset": {
      "x": 0,
      "y": -2.5
    },
    "originalSize": {
      "width": 16,
      "height": 35
    },
    "rotated": false,
    "capInsets": [
      0,
      0,
      0,
      0
    ],
    "vertices": {
      "rawPosition": [
        -8,
        -12,
        0,
        8,
        -12,
        0,
        -8,
        12,
        0,
        8,
        12,
        0
      ],
      "indexes": [
        0,
        1,
        2,
        2,
        1,
        3
      ],
      "uv": [
        0,
        27,
        16,
        27,
        0,
        3,
        16,
        3
      ],
      "nuv": [
        0,
        0.08571428571428572,
        1,
        0.08571428571428572,
        0,
        0.7714285714285715,
        1,
        0.7714285714285715
      ],
      "minPos": {
        "x": -8,
        "y": -12,
        "z": 0
      },
      "maxPos": {
        "x": 8,
        "y": 12,
        "z": 0
      }
    },
    "texture": "569b07df-375b-44a1-8e43-1809c60c6e17@6c48a",
    "packable": true,
    "pixelsToUnit": 100,
    "pivot": {
      "x": 0.5,
      "y": 0.5
    },
    "meshType": 0
  }
}