{
  "__type__": "cc.SpriteFrame",
  "content": {
    "name": "fire1_09",
    "atlas": "",
    "rect": {
      "x": 1,
      "y": 3,
      "width": 14,
      "height": 27
    },
    "offset": {
      "x": 0,
      "y": 0
    },
    "originalSize": {
      "width": 16,
      "height": 33
    },
    "rotated": false,
    "capInsets": [
      0,
      0,
      0,
      0
    ],
    "vertices": {
      "rawPosition": [
        -7,
        -13.5,
        0,
        7,
        -13.5,
        0,
        -7,
        13.5,
        0,
        7,
        13.5,
        0
      ],
      "indexes": [
        0,
        1,
        2,
        2,
        1,
        3
      ],
      "uv": [
        1,
        30,
        15,
        30,
        1,
        3,
        15,
        3
      ],
      "nuv": [
        0.0625,
        0.09090909090909091,
        0.9375,
        0.09090909090909091,
        0.0625,
        0.9090909090909091,
        0.9375,
        0.9090909090909091
      ],
      "minPos": {
        "x": -7,
        "y": -13.5,
        "z": 0
      },
      "maxPos": {
        "x": 7,
        "y": 13.5,
        "z": 0
      }
    },
    "texture": "00beac49-e9da-4ec7-9d07-406960ffd3aa@6c48a",
    "packable": true,
    "pixelsToUnit": 100,
    "pivot": {
      "x": 0.5,
      "y": 0.5
    },
    "meshType": 0
  }
}