{
  "__type__": "cc.SpriteFrame",
  "content": {
    "name": "big1_03",
    "atlas": "",
    "rect": {
      "x": 1,
      "y": 2,
      "width": 14,
      "height": 31
    },
    "offset": {
      "x": 0,
      "y": -1
    },
    "originalSize": {
      "width": 16,
      "height": 33
    },
    "rotated": false,
    "capInsets": [
      0,
      0,
      0,
      0
    ],
    "vertices": {
      "rawPosition": [
        -7,
        -15.5,
        0,
        7,
        -15.5,
        0,
        -7,
        15.5,
        0,
        7,
        15.5,
        0
      ],
      "indexes": [
        0,
        1,
        2,
        2,
        1,
        3
      ],
      "uv": [
        1,
        31,
        15,
        31,
        1,
        0,
        15,
        0
      ],
      "nuv": [
        0.0625,
        0,
        0.9375,
        0,
        0.0625,
        0.9393939393939394,
        0.9375,
        0.9393939393939394
      ],
      "minPos": {
        "x": -7,
        "y": -15.5,
        "z": 0
      },
      "maxPos": {
        "x": 7,
        "y": 15.5,
        "z": 0
      }
    },
    "texture": "cff12cde-6cc2-4121-939d-87ce2989d808@6c48a",
    "packable": true,
    "pixelsToUnit": 100,
    "pivot": {
      "x": 0.5,
      "y": 0.5
    },
    "meshType": 0
  }
}