{
  "__type__": "cc.SpriteFrame",
  "content": {
    "name": "5_2",
    "atlas": "",
    "rect": {
      "x": 0,
      "y": 11,
      "width": 16,
      "height": 15
    },
    "offset": {
      "x": 0,
      "y": -1
    },
    "originalSize": {
      "width": 16,
      "height": 35
    },
    "rotated": false,
    "capInsets": [
      0,
      0,
      0,
      0
    ],
    "vertices": {
      "rawPosition": [
        -8,
        -7.5,
        0,
        8,
        -7.5,
        0,
        -8,
        7.5,
        0,
        8,
        7.5,
        0
      ],
      "indexes": [
        0,
        1,
        2,
        2,
        1,
        3
      ],
      "uv": [
        0,
        24,
        16,
        24,
        0,
        9,
        16,
        9
      ],
      "nuv": [
        0,
        0.2571428571428571,
        1,
        0.2571428571428571,
        0,
        0.6857142857142857,
        1,
        0.6857142857142857
      ],
      "minPos": {
        "x": -8,
        "y": -7.5,
        "z": 0
      },
      "maxPos": {
        "x": 8,
        "y": 7.5,
        "z": 0
      }
    },
    "texture": "db3df490-54d4-47e1-9600-686e02000c89@6c48a",
    "packable": true,
    "pixelsToUnit": 100,
    "pivot": {
      "x": 0.5,
      "y": 0.5
    },
    "meshType": 0
  }
}