{
  "__type__": "cc.SpriteFrame",
  "content": {
    "name": "fire1_08",
    "atlas": "",
    "rect": {
      "x": 2,
      "y": 3,
      "width": 14,
      "height": 30
    },
    "offset": {
      "x": 0,
      "y": -1.5
    },
    "originalSize": {
      "width": 18,
      "height": 33
    },
    "rotated": false,
    "capInsets": [
      0,
      0,
      0,
      0
    ],
    "vertices": {
      "rawPosition": [
        -7,
        -15,
        0,
        7,
        -15,
        0,
        -7,
        15,
        0,
        7,
        15,
        0
      ],
      "indexes": [
        0,
        1,
        2,
        2,
        1,
        3
      ],
      "uv": [
        2,
        30,
        16,
        30,
        2,
        0,
        16,
        0
      ],
      "nuv": [
        0.1111111111111111,
        0,
        0.8888888888888888,
        0,
        0.1111111111111111,
        0.9090909090909091,
        0.8888888888888888,
        0.9090909090909091
      ],
      "minPos": {
        "x": -7,
        "y": -15,
        "z": 0
      },
      "maxPos": {
        "x": 7,
        "y": 15,
        "z": 0
      }
    },
    "texture": "4d5d1853-3bff-4446-acf5-0a13a35c9431@6c48a",
    "packable": true,
    "pixelsToUnit": 100,
    "pivot": {
      "x": 0.5,
      "y": 0.5
    },
    "meshType": 0
  }
}