{
  "__type__": "cc.SpriteFrame",
  "content": {
    "name": "big1_16",
    "atlas": "",
    "rect": {
      "x": 1,
      "y": 9,
      "width": 16,
      "height": 24
    },
    "offset": {
      "x": 0.5,
      "y": -4.5
    },
    "originalSize": {
      "width": 17,
      "height": 33
    },
    "rotated": false,
    "capInsets": [
      0,
      0,
      0,
      0
    ],
    "vertices": {
      "rawPosition": [
        -8,
        -12,
        0,
        8,
        -12,
        0,
        -8,
        12,
        0,
        8,
        12,
        0
      ],
      "indexes": [
        0,
        1,
        2,
        2,
        1,
        3
      ],
      "uv": [
        1,
        24,
        17,
        24,
        1,
        0,
        17,
        0
      ],
      "nuv": [
        0.058823529411764705,
        0,
        1,
        0,
        0.058823529411764705,
        0.7272727272727273,
        1,
        0.7272727272727273
      ],
      "minPos": {
        "x": -8,
        "y": -12,
        "z": 0
      },
      "maxPos": {
        "x": 8,
        "y": 12,
        "z": 0
      }
    },
    "texture": "8199eccf-65f9-4e4c-adcd-f48e5e4bc8fd@6c48a",
    "packable": true,
    "pixelsToUnit": 100,
    "pivot": {
      "x": 0.5,
      "y": 0.5
    },
    "meshType": 0
  }
}