{
  "__type__": "cc.SpriteFrame",
  "content": {
    "name": "fire1_20",
    "atlas": "",
    "rect": {
      "x": 1,
      "y": 2,
      "width": 15,
      "height": 31
    },
    "offset": {
      "x": 0,
      "y": -1
    },
    "originalSize": {
      "width": 17,
      "height": 33
    },
    "rotated": false,
    "capInsets": [
      0,
      0,
      0,
      0
    ],
    "vertices": {
      "rawPosition": [
        -7.5,
        -15.5,
        0,
        7.5,
        -15.5,
        0,
        -7.5,
        15.5,
        0,
        7.5,
        15.5,
        0
      ],
      "indexes": [
        0,
        1,
        2,
        2,
        1,
        3
      ],
      "uv": [
        1,
        31,
        16,
        31,
        1,
        0,
        16,
        0
      ],
      "nuv": [
        0.058823529411764705,
        0,
        0.9411764705882353,
        0,
        0.058823529411764705,
        0.9393939393939394,
        0.9411764705882353,
        0.9393939393939394
      ],
      "minPos": {
        "x": -7.5,
        "y": -15.5,
        "z": 0
      },
      "maxPos": {
        "x": 7.5,
        "y": 15.5,
        "z": 0
      }
    },
    "texture": "599917ff-8a3a-492c-b173-e4b87f38f603@6c48a",
    "packable": true,
    "pixelsToUnit": 100,
    "pivot": {
      "x": 0.5,
      "y": 0.5
    },
    "meshType": 0
  }
}